{
  "software": "freecad",
  "n_experiments": 20,
  "chunk_level": {
    "accuracy_matrix": {
      "F1": {
        "DecisionTree": 0.8532110091743119,
        "GradientBoosting": 0.9220183486238532,
        "LogReg": 0.5963302752293578,
        "RandomForest": 0.9220183486238532
      },
      "F2": {
        "DecisionTree": 0.8899082568807339,
        "GradientBoosting": 0.9174311926605505,
        "LogReg": 0.6123853211009175,
        "RandomForest": 0.9288990825688074
      },
      "F3": {
        "DecisionTree": 0.8876146788990825,
        "GradientBoosting": 0.9174311926605505,
        "LogReg": 0.6743119266055045,
        "RandomForest": 0.9357798165137615
      },
      "F4": {
        "DecisionTree": 0.9013761467889908,
        "GradientBoosting": 0.944954128440367,
        "LogReg": 0.8532110091743119,
        "RandomForest": 0.9472477064220184
      },
      "F5": {
        "DecisionTree": 0.8967889908256881,
        "GradientBoosting": 0.944954128440367,
        "LogReg": 0.8692660550458715,
        "RandomForest": 0.9495412844036697
      }
    },
    "delta_features_per_classifier": {
      "DecisionTree": 0.04816513761467889,
      "GradientBoosting": 0.02752293577981646,
      "LogReg": 0.27293577981651373,
      "RandomForest": 0.02752293577981646
    },
    "delta_classifiers_per_tier": {
      "F1": 0.32568807339449546,
      "F2": 0.3165137614678899,
      "F3": 0.261467889908257,
      "F4": 0.09403669724770647,
      "F5": 0.08027522935779818
    },
    "max_delta_features": 0.27293577981651373,
    "max_delta_classifiers": 0.32568807339449546,
    "hypothesis_confirmed": false
  },
  "session_level": {
    "accuracy_matrix": {
      "F1": {
        "DecisionTree": 0.9583333333333334,
        "GradientBoosting": 0.9583333333333334,
        "LogReg": 0.8333333333333334,
        "RandomForest": 0.9583333333333334
      },
      "F2": {
        "DecisionTree": 0.9583333333333334,
        "GradientBoosting": 1.0,
        "LogReg": 0.7083333333333334,
        "RandomForest": 0.9583333333333334
      },
      "F3": {
        "DecisionTree": 0.9583333333333334,
        "GradientBoosting": 0.9583333333333334,
        "LogReg": 0.7083333333333334,
        "RandomForest": 0.9583333333333334
      },
      "F4": {
        "DecisionTree": 0.9583333333333334,
        "GradientBoosting": 0.9583333333333334,
        "LogReg": 0.9583333333333334,
        "RandomForest": 0.9583333333333334
      },
      "F5": {
        "DecisionTree": 0.9583333333333334,
        "GradientBoosting": 0.9583333333333334,
        "LogReg": 0.9583333333333334,
        "RandomForest": 0.9583333333333334
      }
    },
    "delta_features_per_classifier": {
      "DecisionTree": 0.0,
      "GradientBoosting": 0.04166666666666663,
      "LogReg": 0.25,
      "RandomForest": 0.0
    },
    "delta_classifiers_per_tier": {
      "F1": 0.125,
      "F2": 0.29166666666666663,
      "F3": 0.25,
      "F4": 0.0,
      "F5": 0.0
    },
    "max_delta_features": 0.25,
    "max_delta_classifiers": 0.29166666666666663,
    "hypothesis_confirmed": false
  }
}