{
  "base_model": {
    "accuracy": 0.6036697247706422,
    "precision": 0.9949748743718593,
    "recall": 0.4794188861985472,
    "f1": 0.6470588235294118,
    "fpr": 0.007575757575757576,
    "roc_auc": 0.8380658889133465,
    "tp": 198.0,
    "tn": 131.0,
    "fp": 1.0,
    "fn": 215.0
  },
  "context_model": {
    "accuracy": 0.6660550458715596,
    "precision": 0.9914893617021276,
    "recall": 0.5641646489104116,
    "f1": 0.7191358024691358,
    "fpr": 0.015151515151515152,
    "roc_auc": 0.8564916721696383,
    "tp": 233.0,
    "tn": 130.0,
    "fp": 2.0,
    "fn": 180.0
  },
  "accuracy_gain": 0.062385321100917435,
  "fpr_drop": -0.007575757575757576
}